<?xml version='1.0' encoding='utf-8'?>
<TextureAtlas imagePath="Merineko.png">
<SubTexture name="Merineko down0000" x="0" y="0" width="772" height="772" frameX="0" frameY="0" frameWidth="772" frameHeight="772" />
<SubTexture name="Merineko down0001" x="772" y="0" width="772" height="772" frameX="0" frameY="0" frameWidth="772" frameHeight="772" />
<SubTexture name="Merineko down0002" x="1544" y="0" width="772" height="772" frameX="0" frameY="0" frameWidth="772" frameHeight="772" />
<SubTexture name="Merineko down0003" x="2316" y="0" width="772" height="772" frameX="0" frameY="0" frameWidth="772" frameHeight="772" />
<SubTexture name="Merineko down0004" x="3088" y="0" width="772" height="772" frameX="0" frameY="0" frameWidth="772" frameHeight="772" />
<SubTexture name="Merineko down0005" x="3860" y="0" width="772" height="772" frameX="0" frameY="0" frameWidth="772" frameHeight="772" />
<SubTexture name="Merineko down0006" x="4632" y="0" width="772" height="772" frameX="0" frameY="0" frameWidth="772" frameHeight="772" />
<SubTexture name="Merineko down0007" x="0" y="772" width="772" height="772" frameX="0" frameY="0" frameWidth="772" frameHeight="772" />
<SubTexture name="Merineko down0008" x="772" y="772" width="772" height="772" frameX="0" frameY="0" frameWidth="772" frameHeight="772" />
<SubTexture name="Merineko down0009" x="1544" y="772" width="772" height="772" frameX="0" frameY="0" frameWidth="772" frameHeight="772" />
<SubTexture name="Merineko down0010" x="2316" y="772" width="772" height="772" frameX="0" frameY="0" frameWidth="772" frameHeight="772" />
<SubTexture name="Merineko down0011" x="3088" y="772" width="772" height="772" frameX="0" frameY="0" frameWidth="772" frameHeight="772" />
<SubTexture name="Merineko idle0000" x="3860" y="772" width="772" height="772" frameX="0" frameY="0" frameWidth="772" frameHeight="772" />
<SubTexture name="Merineko idle0001" x="4632" y="772" width="772" height="772" frameX="0" frameY="0" frameWidth="772" frameHeight="772" />
<SubTexture name="Merineko idle0002" x="0" y="1544" width="772" height="772" frameX="0" frameY="0" frameWidth="772" frameHeight="772" />
<SubTexture name="Merineko idle0003" x="772" y="1544" width="772" height="772" frameX="0" frameY="0" frameWidth="772" frameHeight="772" />
<SubTexture name="Merineko idle0004" x="1544" y="1544" width="772" height="772" frameX="0" frameY="0" frameWidth="772" frameHeight="772" />
<SubTexture name="Merineko idle0005" x="2316" y="1544" width="772" height="772" frameX="0" frameY="0" frameWidth="772" frameHeight="772" />
<SubTexture name="Merineko idle0006" x="3088" y="1544" width="772" height="772" frameX="0" frameY="0" frameWidth="772" frameHeight="772" />
<SubTexture name="Merineko idle0007" x="3860" y="1544" width="772" height="772" frameX="0" frameY="0" frameWidth="772" frameHeight="772" />
<SubTexture name="Merineko idle0008" x="4632" y="1544" width="772" height="772" frameX="0" frameY="0" frameWidth="772" frameHeight="772" />
<SubTexture name="Merineko idle0009" x="0" y="2316" width="772" height="772" frameX="0" frameY="0" frameWidth="772" frameHeight="772" />
<SubTexture name="Merineko idle0010" x="772" y="2316" width="772" height="772" frameX="0" frameY="0" frameWidth="772" frameHeight="772" />
<SubTexture name="Merineko idle0011" x="1544" y="2316" width="772" height="772" frameX="0" frameY="0" frameWidth="772" frameHeight="772" />
<SubTexture name="Merineko left0000" x="2316" y="2316" width="772" height="772" frameX="0" frameY="0" frameWidth="772" frameHeight="772" />
<SubTexture name="Merineko left0001" x="3088" y="2316" width="772" height="772" frameX="0" frameY="0" frameWidth="772" frameHeight="772" />
<SubTexture name="Merineko left0002" x="3860" y="2316" width="772" height="772" frameX="0" frameY="0" frameWidth="772" frameHeight="772" />
<SubTexture name="Merineko left0003" x="4632" y="2316" width="772" height="772" frameX="0" frameY="0" frameWidth="772" frameHeight="772" />
<SubTexture name="Merineko left0004" x="0" y="3088" width="772" height="772" frameX="0" frameY="0" frameWidth="772" frameHeight="772" />
<SubTexture name="Merineko left0005" x="772" y="3088" width="772" height="772" frameX="0" frameY="0" frameWidth="772" frameHeight="772" />
<SubTexture name="Merineko left0006" x="1544" y="3088" width="772" height="772" frameX="0" frameY="0" frameWidth="772" frameHeight="772" />
<SubTexture name="Merineko left0007" x="2316" y="3088" width="772" height="772" frameX="0" frameY="0" frameWidth="772" frameHeight="772" />
<SubTexture name="Merineko left0008" x="3088" y="3088" width="772" height="772" frameX="0" frameY="0" frameWidth="772" frameHeight="772" />
<SubTexture name="Merineko left0009" x="3860" y="3088" width="772" height="772" frameX="0" frameY="0" frameWidth="772" frameHeight="772" />
<SubTexture name="Merineko left0010" x="4632" y="3088" width="772" height="772" frameX="0" frameY="0" frameWidth="772" frameHeight="772" />
<SubTexture name="Merineko left0011" x="0" y="3860" width="772" height="772" frameX="0" frameY="0" frameWidth="772" frameHeight="772" />
<SubTexture name="Merineko right0000" x="772" y="3860" width="772" height="772" frameX="0" frameY="0" frameWidth="772" frameHeight="772" />
<SubTexture name="Merineko right0001" x="1544" y="3860" width="772" height="772" frameX="0" frameY="0" frameWidth="772" frameHeight="772" />
<SubTexture name="Merineko right0002" x="2316" y="3860" width="772" height="772" frameX="0" frameY="0" frameWidth="772" frameHeight="772" />
<SubTexture name="Merineko right0003" x="3088" y="3860" width="772" height="772" frameX="0" frameY="0" frameWidth="772" frameHeight="772" />
<SubTexture name="Merineko right0004" x="3860" y="3860" width="772" height="772" frameX="0" frameY="0" frameWidth="772" frameHeight="772" />
<SubTexture name="Merineko right0005" x="4632" y="3860" width="772" height="772" frameX="0" frameY="0" frameWidth="772" frameHeight="772" />
<SubTexture name="Merineko right0006" x="0" y="4632" width="772" height="772" frameX="0" frameY="0" frameWidth="772" frameHeight="772" />
<SubTexture name="Merineko right0007" x="772" y="4632" width="772" height="772" frameX="0" frameY="0" frameWidth="772" frameHeight="772" />
<SubTexture name="Merineko right0008" x="1544" y="4632" width="772" height="772" frameX="0" frameY="0" frameWidth="772" frameHeight="772" />
<SubTexture name="Merineko right0009" x="2316" y="4632" width="772" height="772" frameX="0" frameY="0" frameWidth="772" frameHeight="772" />
<SubTexture name="Merineko right0010" x="3088" y="4632" width="772" height="772" frameX="0" frameY="0" frameWidth="772" frameHeight="772" />
<SubTexture name="Merineko right0011" x="3860" y="4632" width="772" height="772" frameX="0" frameY="0" frameWidth="772" frameHeight="772" />
<SubTexture name="Merineko up0000" x="4632" y="4632" width="772" height="772" frameX="0" frameY="0" frameWidth="772" frameHeight="772" />
<SubTexture name="Merineko up0001" x="0" y="5404" width="772" height="772" frameX="0" frameY="0" frameWidth="772" frameHeight="772" />
<SubTexture name="Merineko up0002" x="772" y="5404" width="772" height="772" frameX="0" frameY="0" frameWidth="772" frameHeight="772" />
<SubTexture name="Merineko up0003" x="1544" y="5404" width="772" height="772" frameX="0" frameY="0" frameWidth="772" frameHeight="772" />
<SubTexture name="Merineko up0004" x="2316" y="5404" width="772" height="772" frameX="0" frameY="0" frameWidth="772" frameHeight="772" />
<SubTexture name="Merineko up0005" x="3088" y="5404" width="772" height="772" frameX="0" frameY="0" frameWidth="772" frameHeight="772" />
<SubTexture name="Merineko up0006" x="3860" y="5404" width="772" height="772" frameX="0" frameY="0" frameWidth="772" frameHeight="772" />
<SubTexture name="Merineko up0007" x="4632" y="5404" width="772" height="772" frameX="0" frameY="0" frameWidth="772" frameHeight="772" />
<SubTexture name="Merineko up0008" x="0" y="6176" width="772" height="772" frameX="0" frameY="0" frameWidth="772" frameHeight="772" />
<SubTexture name="Merineko up0009" x="772" y="6176" width="772" height="772" frameX="0" frameY="0" frameWidth="772" frameHeight="772" />
<SubTexture name="Merineko up0010" x="1544" y="6176" width="772" height="772" frameX="0" frameY="0" frameWidth="772" frameHeight="772" />
<SubTexture name="Merineko up0011" x="2316" y="6176" width="772" height="772" frameX="0" frameY="0" frameWidth="772" frameHeight="772" />
</TextureAtlas>
