<?xml version='1.0' encoding='utf-8'?>
<TextureAtlas imagePath="instant death Note.png">
        <SubTexture name="blue0000" x="0" y="0" width="154" height="157"/>
        <SubTexture name="green0000" x="0" y="0" width="154" height="157"/>
        <SubTexture name="purple0000" x="0" y="0" width="154" height="157"/>
        <SubTexture name="red0000" x="0" y="0" width="154" height="157"/>
        <SubTexture name="blue hold end0000" x="0" y="0" width="1" height="1"/>
	<SubTexture name="blue hold piece0000" x="0" y="0" width="1" height="1"/>
	<SubTexture name="green hold end0000" x="0" y="0" width="1" height="1"/>
	<SubTexture name="green hold piece0000" x="0" y="0" width="1" height="1"/>
	<SubTexture name="pruple hold end0000" x="0" y="0" width="1" height="1"/>
	<SubTexture name="purple hold piece0000" x="0" y="0" width="1" height="1"/>
	<SubTexture name="red hold end0000" x="0" y="0" width="1" height="1"/>
	<SubTexture name="red hold piece0000" x="0" y="0" width="1" height="1"/>

</TextureAtlas>
