<?xml version='1.0' encoding='utf-8'?> green purple
<TextureAtlas imagePath="fade Note.png">
<SubTexture name="red0000" x="0" y="0" width="150" height="150" frameX="-2" frameY="-2" frameWidth="154" frameHeight="154" />
<SubTexture name="red0001" x="150" y="0" width="150" height="150" frameX="-2" frameY="-2" frameWidth="154" frameHeight="154" />
<SubTexture name="red0002" x="0" y="150" width="150" height="150" frameX="-2" frameY="-2" frameWidth="154" frameHeight="154" />
<SubTexture name="red0003" x="150" y="150" width="150" height="150" frameX="-2" frameY="-2" frameWidth="154" frameHeight="154" />
<SubTexture name="red0004" x="300" y="0" width="150" height="150" frameX="-2" frameY="-2" frameWidth="154" frameHeight="154" />
<SubTexture name="red0005" x="300" y="150" width="150" height="150" frameX="-2" frameY="-2" frameWidth="154" frameHeight="154" />
<SubTexture name="red0006" x="0" y="300" width="150" height="150" frameX="-2" frameY="-2" frameWidth="154" frameHeight="154" />
<SubTexture name="red0007" x="150" y="300" width="150" height="150" frameX="-2" frameY="-2" frameWidth="154" frameHeight="154" />
<SubTexture name="red0008" x="300" y="300" width="150" height="150" frameX="-2" frameY="-2" frameWidth="154" frameHeight="154" />
<SubTexture name="red0009" x="450" y="0" width="150" height="150" frameX="-2" frameY="-2" frameWidth="154" frameHeight="154" />
<SubTexture name="blue0000" x="0" y="0" width="150" height="150" frameX="-2" frameY="-2" frameWidth="154" frameHeight="154" />
<SubTexture name="blue0001" x="150" y="0" width="150" height="150" frameX="-2" frameY="-2" frameWidth="154" frameHeight="154" />
<SubTexture name="blue0002" x="0" y="150" width="150" height="150" frameX="-2" frameY="-2" frameWidth="154" frameHeight="154" />
<SubTexture name="blue0003" x="150" y="150" width="150" height="150" frameX="-2" frameY="-2" frameWidth="154" frameHeight="154" />
<SubTexture name="blue0004" x="300" y="0" width="150" height="150" frameX="-2" frameY="-2" frameWidth="154" frameHeight="154" />
<SubTexture name="blue0005" x="300" y="150" width="150" height="150" frameX="-2" frameY="-2" frameWidth="154" frameHeight="154" />
<SubTexture name="blue0006" x="0" y="300" width="150" height="150" frameX="-2" frameY="-2" frameWidth="154" frameHeight="154" />
<SubTexture name="blue0007" x="150" y="300" width="150" height="150" frameX="-2" frameY="-2" frameWidth="154" frameHeight="154" />
<SubTexture name="blue0008" x="300" y="300" width="150" height="150" frameX="-2" frameY="-2" frameWidth="154" frameHeight="154" />
<SubTexture name="blue0009" x="450" y="0" width="150" height="150" frameX="-2" frameY="-2" frameWidth="154" frameHeight="154" />
<SubTexture name="green0000" x="0" y="0" width="150" height="150" frameX="-2" frameY="-2" frameWidth="154" frameHeight="154" />
<SubTexture name="green0001" x="150" y="0" width="150" height="150" frameX="-2" frameY="-2" frameWidth="154" frameHeight="154" />
<SubTexture name="green0002" x="0" y="150" width="150" height="150" frameX="-2" frameY="-2" frameWidth="154" frameHeight="154" />
<SubTexture name="green0003" x="150" y="150" width="150" height="150" frameX="-2" frameY="-2" frameWidth="154" frameHeight="154" />
<SubTexture name="green0004" x="300" y="0" width="150" height="150" frameX="-2" frameY="-2" frameWidth="154" frameHeight="154" />
<SubTexture name="green0005" x="300" y="150" width="150" height="150" frameX="-2" frameY="-2" frameWidth="154" frameHeight="154" />
<SubTexture name="green0006" x="0" y="300" width="150" height="150" frameX="-2" frameY="-2" frameWidth="154" frameHeight="154" />
<SubTexture name="green0007" x="150" y="300" width="150" height="150" frameX="-2" frameY="-2" frameWidth="154" frameHeight="154" />
<SubTexture name="green0008" x="300" y="300" width="150" height="150" frameX="-2" frameY="-2" frameWidth="154" frameHeight="154" />
<SubTexture name="green0009" x="450" y="0" width="150" height="150" frameX="-2" frameY="-2" frameWidth="154" frameHeight="154" />
<SubTexture name="purple0000" x="0" y="0" width="150" height="150" frameX="-2" frameY="-2" frameWidth="154" frameHeight="154" />
<SubTexture name="purple0001" x="150" y="0" width="150" height="150" frameX="-2" frameY="-2" frameWidth="154" frameHeight="154" />
<SubTexture name="purple0002" x="0" y="150" width="150" height="150" frameX="-2" frameY="-2" frameWidth="154" frameHeight="154" />
<SubTexture name="purple0003" x="150" y="150" width="150" height="150" frameX="-2" frameY="-2" frameWidth="154" frameHeight="154" />
<SubTexture name="purple0004" x="300" y="0" width="150" height="150" frameX="-2" frameY="-2" frameWidth="154" frameHeight="154" />
<SubTexture name="purple0005" x="300" y="150" width="150" height="150" frameX="-2" frameY="-2" frameWidth="154" frameHeight="154" />
<SubTexture name="purple0006" x="0" y="300" width="150" height="150" frameX="-2" frameY="-2" frameWidth="154" frameHeight="154" />
<SubTexture name="purple0007" x="150" y="300" width="150" height="150" frameX="-2" frameY="-2" frameWidth="154" frameHeight="154" />
<SubTexture name="purple0008" x="300" y="300" width="150" height="150" frameX="-2" frameY="-2" frameWidth="154" frameHeight="154" />
<SubTexture name="purple0009" x="450" y="0" width="150" height="150" frameX="-2" frameY="-2" frameWidth="154" frameHeight="154" />
	<SubTexture name="blue hold end0000" x="0" y="0" width="1" height="1"/>
	<SubTexture name="blue hold piece0000" x="0" y="0" width="1" height="1"/>
	<SubTexture name="green hold end0000" x="0" y="0" width="1" height="1"/>
	<SubTexture name="green hold piece0000" x="0" y="0" width="1" height="1"/>
	<SubTexture name="pruple hold end0000" x="0" y="0" width="1" height="1"/>
	<SubTexture name="purple hold piece0000" x="0" y="0" width="1" height="1"/>
	<SubTexture name="red hold end0000" x="0" y="0" width="1" height="1"/>
	<SubTexture name="red hold piece0000" x="0" y="0" width="1" height="1"/>
</TextureAtlas>
